index,word,answers,validWords
0,she,he|she|,he|she|
4,but,but|tub|,but|tub|
7,opt,to|opt|pot|top|,to|opt|pot|top|
8,arm,arm|ram|mar|,arm|ram|mar|
9,ash,as|ash|has|,as|ah|ha|sh|ash|has|
11,pat,at|pat|apt|tap|,at|pat|apt|tap|
12,that,at|hat|tat|that|,at|ha|ah|hat|tat|that|
13,with,it|hi|wit|hit|with|whit|,it|hi|wit|hit|with|whit|
14,they,he|the|yet|hey|they|,he|eh|the|thy|yet|hey|they|
15,from,of|or|for|from|form|,of|or|for|from|form|
16,what,at|hat|what|thaw|,ha|ah|at|haw|hat|what|thaw|
17,know,no|on|wok|now|own|won|know|wonk|,ok|no|on|ow|wok|now|own|won|know|wonk|
18,time,it|me|tie|met|time|item|mite|emit|,it|me|tie|met|time|item|mite|emit|
19,year,yea|rye|ray|ear|era|are|year|,yea|aye|rye|ray|ear|era|are|year|
20,when,we|he|hew|new|hen|when|,we|he|eh|hew|new|hen|when|
21,take,at|tea|ate|eat|take|teak|,at|tea|ate|eat|take|teak|
22,hear,her|ear|era|are|hear|hare|,eh|ha|ah|her|ear|era|are|hear|hare|
23,play,pal|lap|ply|pay|yap|lay|play|,pal|lap|ply|pay|yap|lay|play|
24,live,lie|vie|live|vile|veil|evil|,lie|vie|live|vile|veil|evil|
25,must,us|sum|tum|must|smut|,um|us|sum|tum|must|smut|
26,fact,at|fat|aft|act|cat|fact|,at|fat|aft|act|cat|fact|
27,word,ow|or|do|row|rod|word|,ow|or|do|row|rod|word|
28,kind,in|kin|ink|kid|din|kind|,in|kin|ink|kid|din|kind|
29,long,on|no|go|log|long|,on|no|go|log|long|
30,into,in|it|no|on|to|nit|tin|ion|not|ton|into|,in|it|no|on|to|nit|tin|ion|not|ton|into|
31,your,or|you|our|your|,or|you|our|your|
32,than,at|an|hat|tan|ant|than|,at|ha|ah|an|hat|tan|ant|than|
33,like,ilk|lie|lei|like|,ilk|lie|lei|elk|like|
34,then,he|the|ten|net|hen|then|,he|eh|the|ten|net|hen|then|
35,more,me|or|rem|ore|roe|more|,me|or|rem|ore|roe|more|
36,want,an|at|wan|ant|tan|want|,an|at|wan|ant|tan|want|
37,find,if|in|fin|din|find|,if|in|fin|din|find|
38,give,veg|vie|give|,veg|vie|give|
39,many,am|my|an|man|may|yam|any|many|,am|my|an|man|may|yam|any|nay|many|
40,good,go|do|god|dog|good|,go|do|god|dog|good|
41,life,if|lie|lei|elf|life|file|,if|lie|lei|elf|life|file|
42,down,do|ow|on|no|don|nod|own|won|now|down|,do|ow|on|no|don|nod|own|won|now|down|
43,over,or|voe|ore|roe|rev|over|rove|,or|voe|ore|roe|rev|over|rove|
44,last,as|at|sat|last|lats|alts|slat|salt|,as|at|lat|alt|sat|last|lats|alts|slat|salt|
45,mean,am|me|an|men|man|mean|mane|amen|name|,am|me|an|men|man|mean|mane|amen|name|
46,turn,rut|nut|urn|run|turn|runt|,rut|nut|urn|run|turn|runt|
47,part,at|rap|pat|apt|tap|art|rat|part|rapt|tarp|trap|,at|par|rap|pat|apt|tap|art|rat|tar|part|rapt|tarp|trap|
48,there,the|her|tree|here|there|three|,the|tee|her|ere|thee|tree|here|there|three|ether|
49,think,hit|tin|nit|kit|ink|kin|thin|hint|knit|think|,hit|tin|nit|kit|ink|kin|thin|hint|kith|knit|think|
50,thing,hit|tin|nit|git|gin|thin|hint|thing|night|,hit|tin|nit|git|gin|thin|hint|ting|nigh|thing|night|
51,woman,mow|won|own|now|wan|man|moan|woman|,mow|won|own|now|maw|wan|man|moan|woman|
52,child,hid|lid|child|,hid|lid|child|
53,world,row|owl|low|rod|old|word|lord|world|,row|owl|low|rod|old|word|lord|world|
54,never,eve|rev|even|ever|veer|never|nerve|,eve|rev|ere|even|ever|veer|never|nerve|
55,leave,lea|eel|eve|veal|vale|leave|,lea|ale|lee|eel|eve|veal|vale|leave|
56,great,gear|rage|gate|rate|tear|tare|great|grate|,gear|rage|gate|rate|tear|tare|great|grate|
57,group,rug|pug|our|pour|group|,rug|pug|our|pour|group|
58,begin,beg|big|bin|gen|neg|gin|gibe|begin|being|binge|,beg|big|bin|nib|gen|neg|gin|gibe|begin|being|binge|
59,where,hew|wee|her|whee|were|ewer|here|where|,hew|wee|ewe|her|ere|whee|were|ewer|here|where|
60,every,eve|rev|eye|ever|veer|very|every|,eve|rev|eye|rye|ever|veer|very|every|
61,might,him|git|hit|might|,him|git|hit|might|
62,place,clap|plea|pale|peal|leap|pace|cape|lace|place|,clap|plea|pale|peal|leap|pace|cape|lace|place|
63,their,the|hit|tie|her|tier|tire|heir|hire|their|,the|hit|tie|hie|her|ire|tier|tire|rite|heir|hire|their|
64,would,owl|low|duo|old|loud|would|,owl|low|duo|old|loud|would|
65,about,bat|tab|bot|but|tub|out|boat|auto|bout|about|,boa|bat|tab|bot|but|tub|out|boat|abut|tuba|auto|bout|about|
66,large,real|gale|rage|gear|large|lager|regal|glare|,real|earl|gale|rage|gear|large|lager|regal|glare|
67,under,nude|dune|rude|nerd|rend|under|,nude|dune|rune|rude|nerd|rend|under|
68,water,ware|wear|tare|tear|rate|water|,wart|ware|wear|tare|tear|rate|water|
69,write,writ|wire|rite|tire|tier|write|,writ|wire|weir|rite|tire|tier|write|
70,young,you|guy|gun|young|,you|guy|gun|young|
71,month,not|ton|hot|moth|month|,not|ton|hot|moth|month|
72,study,stud|dust|duty|study|dusty|,sty|stud|dust|duty|study|dusty|
73,issue,sue|use|sues|uses|issue|,sis|sue|use|sues|uses|issue|
74,black,balk|back|lack|black|,balk|back|lack|black|
75,since,sin|sec|ice|sine|ices|nice|since|,sin|sic|sec|ice|sine|ices|nice|since|
76,until,nut|nit|tin|unit|lint|until|unlit|,nut|nit|tin|nil|lit|unit|lint|until|unlit|
77,power,pow|pew|owe|woe|row|prow|pore|rope|wore|power|,pow|wop|pro|pew|per|rep|owe|woe|row|ore|roe|prow|pore|rope|wore|power|
78,often,ton|not|one|ten|net|font|tone|note|often|,foe|toe|ton|not|one|eon|fen|ten|net|font|tone|note|often|
79,among,man|ago|nag|moan|among|mango|,man|ago|nag|moan|among|mango|
80,stand,sat|sad|ant|and|sand|stand|,sat|sad|ads|tan|ant|tad|and|tans|ants|sand|stand|
81,white,wit|wet|hit|the|tie|whit|with|whet|white|,hew|wit|wet|hit|hie|the|tie|whit|with|whet|white|
82,watch,caw|act|cat|hat|what|thaw|chat|watch|,caw|haw|cwt|act|cat|hat|what|thaw|chat|watch|
83,allow,all|awl|law|low|owl|wall|allow|,all|awl|law|low|owl|wall|allow|
84,party,part|rapt|trap|pray|arty|tray|party|,part|rapt|tarp|trap|pray|arty|tray|party|
85,early,real|year|rely|early|relay|layer|,earl|real|year|rely|lyre|early|relay|layer|
86,offer,off|for|ore|ref|fore|offer|,off|foe|for|fro|ore|roe|ref|fore|offer|
87,maybe,may|yam|bay|bye|beam|maybe|,may|yam|bay|yea|bye|beam|maybe|
88,music,sum|cum|scum|cums|music|,sum|cum|sic|scum|cums|music|
89,death,had|eat|ate|tea|the|hat|date|head|heat|hate|death|,tad|had|eat|ate|tea|the|hat|date|head|heat|hate|death|hated|
90,major,jam|mar|arm|ram|jar|oar|roam|major|,jam|mar|arm|ram|jar|raj|oar|roam|major|
91,along,lag|ago|nag|log|loan|goal|long|along|,lag|gal|ago|nag|log|loan|gaol|goal|long|along|
92,heart,hear|heat|hate|rate|tear|tare|heart|hater|earth|,hear|hare|heat|hate|hart|rate|tear|tare|heart|hater|earth|
93,price,rip|per|pie|ice|ripe|epic|rice|price|,rip|per|rep|pie|ire|ice|pier|ripe|epic|rice|price|
94,break,bear|bare|bark|beak|bake|rake|break|brake|baker|,brae|bear|bare|bark|beak|bake|rake|break|brake|baker|
95,thank,than|tank|hank|thank|,than|tank|hank|thank|
96,model,mod|old|led|mode|demo|mold|meld|dole|lode|model|,mod|med|elm|ode|doe|old|led|mode|dome|demo|mold|mole|meld|dole|lode|model|
97,event,eve|vet|net|ten|even|vent|teen|event|,eve|vet|tee|net|ten|even|vent|teen|event|
98,table,abet|beta|beat|tale|late|belt|able|bale|table|bleat|,abet|beta|beat|tale|teal|late|belt|able|bale|table|bleat|
99,court,cut|our|out|rot|tor|rut|curt|rout|tour|court|,cot|cur|cut|our|out|rot|tor|rut|curt|rout|tour|court|
100,image,aim|mag|gem|age|mega|game|image|,aim|mag|gem|age|mega|game|image|
101,phone,hop|pen|hen|one|hope|peon|open|nope|hone|phone|,hop|pen|hon|hoe|hen|one|eon|hope|peon|open|nope|hone|phone|
102,quite,tie|quit|quite|quiet|,tie|quit|quite|quiet|
103,piece,pie|pee|ice|epic|piece|,pie|pee|ice|epic|piece|
104,movie,vim|vie|move|movie|,vim|vie|move|movie|
105,north,nor|not|ton|rot|hot|torn|horn|north|thorn|,nor|not|ton|hon|rot|tor|hot|torn|horn|north|thorn|
106,third,hit|hid|rid|dirt|third|,hit|hid|rid|dirt|third|
107,catch,cat|act|hat|chat|catch|,cat|act|hat|chat|catch|
108,point,pot|opt|top|pin|nip|pit|tip|ion|not|ton|nit|tin|pint|into|point|,pot|opt|top|pin|nip|pit|tip|ion|not|ton|int|nit|tin|pint|into|point|pinto|piton|
109,plant,pan|nap|pat|tap|ant|tan|plan|plat|pant|plant|,pal|lap|alp|pan|nap|pat|apt|tap|lat|alt|ant|tan|plan|plat|pant|plant|
110,floor,for|fool|roof|floor|,for|fro|fool|roof|floor|
111,wrong,row|won|own|now|nor|worn|grow|gown|wrong|grown|,row|won|own|now|nor|worn|grow|gown|wrong|grown|
112,board,rob|bar|bra|bad|boar|bard|drab|road|board|broad|,boa|bro|orb|rob|bod|bar|bra|bad|dab|oar|ado|rod|boar|bard|drab|road|board|broad|
113,fight,fig|fit|git|hit|gift|fight|,fig|fit|git|hit|gift|fight|
114,throw,hot|rot|tow|two|wot|how|who|row|throw|worth|,tho|hot|tor|rot|tow|two|wot|how|who|row|throw|worth|
115,sound,son|sod|sun|duo|nod|don|dun|undo|sound|,sou|son|sod|sun|duo|nod|don|dun|onus|nous|duos|nods|dons|duns|undo|sound|
116,enter,net|ten|teen|rent|tree|enter|,net|ten|tee|rte|ere|teen|tern|rent|tree|enter|
117,stock,sot|cost|sock|stock|,sot|soc|cos|cot|cost|cots|sock|stock|
118,media,dim|mad|dam|aim|die|aid|dime|made|maid|amid|idea|aide|media|,med|mid|dim|mad|dam|aim|die|aid|dime|idem|mead|made|dame|maid|amid|idea|aide|media|aimed|
119,ready,read|dear|dare|year|dray|yard|ready|,read|dear|dare|ayer|year|dray|yard|ready|rayed|
120,argue,rage|gear|urge|argue|auger|,rage|gear|urea|ague|urge|argue|auger|
121,staff,sat|fat|fast|staff|,sat|aft|fat|fast|fats|staff|
122,crime,ice|rim|rice|mice|rime|mire|emir|crime|,ice|rim|ire|rem|rice|mice|rime|mire|emir|crime|
123,laugh,lag|gal|lug|hag|hug|haul|laugh|,lag|gal|lug|hag|ugh|hug|haul|hula|laugh|
124,claim,aim|clam|calm|mail|claim|,cam|ail|lam|aim|clam|calm|mica|mail|claim|
125,legal,leg|gel|ale|lag|all|age|gale|gall|legal|,leg|gel|lea|ale|lag|gal|all|age|gale|gall|legal|
126,final,fin|fan|nil|fail|flan|nail|lain|final|,fin|fan|nil|ail|fail|flan|nail|lain|final|
127,green,reg|gen|neg|gene|green|genre|,reg|gee|gen|neg|ere|gene|green|genre|
128,trial,rat|art|air|tail|rail|liar|lair|trial|trail|,tar|rat|art|lit|alt|lat|air|ail|tail|rail|lira|liar|lair|trial|trail|
129,shake,has|ash|she|ask|sea|sake|hake|shake|,has|ash|she|ska|ask|sea|sake|hake|shake|
130,chair,car|arc|air|char|arch|rich|hair|chair|,car|arc|air|char|arch|rich|hair|chair|
131,hotel,hot|the|toe|lot|let|hole|tole|hotel|,hot|tho|hoe|the|toe|lot|tel|let|hole|tole|hotel|
132,heavy,hey|hay|yea|have|yeah|heavy|,hey|hay|aye|yea|have|yeah|heavy|
133,tough,out|got|hot|hut|hog|hug|gout|thug|tough|ought|,out|tog|got|hot|tug|gut|hut|hog|ugh|hug|gout|thou|goth|thug|tough|ought|
134,agent,gate|gnat|tang|neat|gent|agent|,gate|gnat|tang|ante|neat|gent|agent|
135,smile,lie|slim|mile|lime|smile|slime|,ism|elm|lie|slim|semi|elms|isle|lies|mile|lime|smile|slime|miles|limes|
136,front,for|nor|rot|tor|not|ton|fort|font|torn|front|,fro|for|oft|nor|rot|tor|not|ton|fort|font|torn|front|
137,alone,lea|one|loan|lane|lean|lone|alone|,ale|lea|one|eon|loan|aloe|lane|lean|lone|noel|alone|
138,fresh,her|she|serf|hers|fresh|,ref|res|her|she|refs|serf|hers|fresh|
139,troop,rot|too|top|pot|root|port|poor|troop|,tor|rot|too|top|opt|pot|pro|root|port|poor|troop|
140,track,rat|art|act|cat|car|cart|tack|rack|track|,tar|rat|art|act|cat|arc|car|ark|cart|kart|tack|rack|track|
141,plane,plan|pale|peal|leap|pane|lane|lean|plane|panel|penal|,plan|plea|pale|peal|leap|pane|nape|neap|lane|lean|plane|panel|penal|
142,labor,lob|boa|bar|bra|oar|orb|rob|oral|boar|labor|,lab|lob|boa|bar|bra|oar|bro|orb|rob|oral|boar|labor|
143,dozen,don|nod|den|end|one|doze|done|node|zone|dozen|,doz|doe|ode|don|nod|zed|den|end|one|eon|doze|done|node|zone|dozen|zoned|
144,stick,sit|its|ski|tic|kit|skit|sick|tick|stick|,sit|its|sic|sci|ski|tic|cit|kit|tics|skit|kits|sick|tick|stick|ticks|
145,truck,rut|cut|curt|tuck|ruck|truck|,rut|cut|cur|curt|turk|tuck|ruck|truck|
146,shape,hasp|apse|heap|shape|heaps|phase|,hasp|apse|apes|peas|heap|shape|heaps|phase|
147,crowd,cow|cod|row|rod|crow|cord|word|crowd|,cow|cod|doc|row|rod|crow|cord|word|crowd|
148,guard,rug|dug|rag|gad|drug|drag|guard|,rug|dug|rag|gad|drug|grad|drag|guard|
149,marry,mar|arm|ram|may|yam|ray|army|marry|,mar|arm|ram|may|yam|ray|army|marry|
150,below,web|bow|owe|low|owl|lobe|blew|blow|bowl|below|bowel|elbow|,web|lob|bow|owe|woe|low|owl|bole|lobe|blew|blow|bowl|below|bowel|elbow|
151,voter,vet|toe|rot|vote|veto|over|rove|tore|rote|voter|overt|trove|,vet|rev|toe|tor|rot|ore|roe|vote|veto|over|rove|tore|rote|voter|overt|trove|
152,moral,mar|ram|arm|lam|oar|roam|loam|oral|moral|molar|,mar|ram|arm|lam|oar|roam|loam|oral|moral|molar|
153,daily,aid|lad|day|lid|lay|dial|laid|lady|idly|daily|,aid|lad|day|lid|ail|lay|dial|laid|lady|idly|daily|
154,fully,flu|fly|full|fully|,flu|fly|full|fully|
155,clean,can|lace|clan|cane|acne|lean|lane|clean|lance|,can|lea|ale|lace|clan|cane|acne|lean|lane|clean|lance|
156,plate,plat|pale|peal|leap|pate|tape|tale|plate|pleat|petal|,plat|plea|pale|peal|leap|pelt|pate|peat|tape|late|tale|teal|plate|pleat|petal|
157,alive,vial|vale|veal|live|vile|veil|evil|alive|,vial|vale|veal|live|vile|veil|evil|alive|
158,abuse,sea|bus|use|sue|base|abuse|,abs|sea|bus|use|sue|beau|base|abuse|beaus|
159,extra,axe|eat|tea|ate|era|ear|are|tax|rat|art|tear|tare|rate|extra|,axe|eat|tea|ate|era|ear|are|tax|tar|rat|art|tear|tare|rate|extra|
160,urban,run|bun|bra|bar|ran|ban|burn|bran|barn|urban|,rub|bur|urn|run|bun|nub|bra|bar|ran|ban|nab|burn|bran|barn|urban|
161,radio,air|rid|aid|ado|raid|arid|road|radio|,air|oar|rid|rod|aid|ado|raid|arid|road|radio|
162,dream,dear|dare|read|dram|dame|mead|made|ream|mare|dream|,dear|dare|read|dram|dame|mead|made|ream|mare|dream|armed|
163,cheap,cap|ape|each|ache|chap|cape|pace|heap|cheap|peach|,cap|ape|pea|each|ache|chap|cape|pace|heap|cheap|peach|
164,cause,sac|cue|sec|sea|use|sue|case|cause|sauce|,sac|cue|sec|sea|use|sue|case|aces|cues|cause|sauce|
165,brand,bar|ban|bad|ran|and|bran|barn|bard|drab|band|rand|brand|,bra|bar|ban|nab|bad|dab|ran|and|bran|barn|bard|drab|band|rand|darn|brand|
166,entry,net|ten|yet|try|tern|rent|entry|,net|ten|yen|yet|rye|try|tern|rent|entry|
167,album,lab|lam|bum|lamb|balm|maul|album|,lab|lam|bum|lamb|balm|maul|album|
168,cable,cab|ale|lea|lace|able|bale|cable|,cab|lab|ale|lea|lace|able|bale|cable|
169,flash,ash|has|half|lash|flash|,ash|has|half|lash|flash|
170,super,spur|sure|user|ruse|pure|super|purse|,spur|sure|user|ruse|rues|reps|pure|super|purse|
171,award,war|raw|wad|ward|draw|award|,war|raw|wad|ward|draw|award|
172,input,nip|pin|nit|tin|pit|tip|nut|put|pint|unit|punt|input|,nip|pin|int|nit|tin|pit|tip|pun|nut|put|pint|unit|punt|input|
173,metal,meta|meat|mate|team|melt|meal|male|lame|malt|tale|late|metal|,meta|meat|mate|team|tame|melt|meal|male|lame|malt|teal|tale|late|metal|
174,people,pole|lope|peep|peel|plop|elope|people|,pope|pole|lope|peep|peel|plop|elope|people|
175,should,shod|lush|soul|sold|hold|loud|should|,shod|hods|lush|soul|duos|sold|hold|loud|holds|should|
176,become,comb|come|become|,comb|come|become|
177,really,real|year|rely|yell|ally|relay|early|layer|rally|really|,real|earl|year|rely|lyre|yell|ally|relay|early|layer|rally|alley|really|
178,family,fail|flay|film|mail|filmy|family|,fail|flay|film|mail|filmy|family|
179,number,numb|menu|burn|rune|rube|number|,numb|menu|burn|rune|rube|berm|umber|number|
180,happen,heap|pane|nape|neap|happen|,heap|pane|nape|neap|happen|
181,before,beef|bore|robe|beer|fore|free|reef|before|,beef|bore|robe|beer|fore|free|reef|before|
182,mother,tome|home|more|them|term|tore|rote|hero|metro|therm|other|mother|,moth|mote|tome|home|more|them|term|tore|rote|hero|metro|therm|other|mother|
183,little,tilt|till|tile|tell|title|little|,tilt|lilt|till|lite|tile|tell|title|little|
184,friend,infer|fried|fired|fiend|fined|diner|friend|finder|,finer|infer|fried|fired|fiend|fined|diner|friend|finder|
185,father,fate|feat|fare|fear|hate|heat|tear|rate|hear|after|hater|heart|earth|father|,fate|feat|feta|fart|frat|raft|fare|fear|heft|fret|hate|heat|hart|tare|tear|rate|hare|hear|after|hater|heart|earth|father|
186,member,berm|mere|beer|ember|member|,berm|mere|beer|ember|member|
187,change,ache|each|cane|cage|hang|change|,ache|each|cane|acne|cage|hang|change|
188,minute,mint|mien|mite|item|time|emit|menu|mute|unit|tune|unite|minute|,mint|mine|mien|mite|item|time|emit|menu|mute|unit|tine|tune|unmet|unite|untie|minute|minuet|
189,follow,fool|flow|wolf|woof|wool|follow|,fool|fowl|flow|wolf|woof|wool|follow|
190,create,crate|caret|cater|react|trace|eater|create|,crate|caret|carte|cater|react|trace|erect|eater|create|cetera|
191,health,heal|hale|heat|hate|late|tale|heath|health|,heal|hale|heat|hate|halt|lath|hath|late|teal|tale|lathe|heath|health|
192,within,with|whit|twin|thin|hint|within|,with|whit|twin|thin|hint|within|
193,moment,memo|mote|tome|note|tone|moment|,memo|omen|mote|tome|note|tone|moment|
194,enough,gone|hone|huge|hung|enough|,gone|hone|huge|hung|enough|
195,policy,ploy|copy|clip|coil|oily|cloy|policy|,clop|ploy|copy|clip|coil|oily|cloy|policy|
196,former,form|from|fore|more|former|reform|,form|from|fore|more|former|reform|
197,report,rope|pore|rote|tore|port|poet|trope|retro|report|porter|,rope|pore|pert|rote|tore|port|poet|trope|retro|report|porter|
198,better,beet|beer|tree|beret|better|,beet|beer|tree|beret|better|
199,police,pole|lope|cope|clip|pile|epic|coil|police|,clop|pole|lope|cope|clip|pile|epic|coil|lice|police|
200,player,paler|pearl|reply|payer|repay|layer|early|relay|player|replay|,paler|pearl|reply|payer|repay|layer|early|relay|player|parley|pearly|replay|
201,record,credo|cored|decor|order|record|,corer|credo|cored|decor|order|record|
202,ground,rung|drug|dung|dour|undo|gourd|round|ground|,rung|drug|dung|dour|undo|gourd|round|ground|
203,center,cent|teen|tern|rent|tree|enter|center|recent|,cent|cert|teen|tern|rent|tree|erect|enter|center|recent|
204,figure,frig|fire|rife|urge|grief|figure|,frig|fire|rife|urge|grief|figure|
205,either,tier|tire|hire|thee|tree|here|their|there|three|either|,tier|tire|rite|heir|hire|thee|tree|here|their|ether|there|three|either|
206,doctor,cord|trod|door|coot|root|doctor|,cord|trod|door|odor|rood|coot|root|doctor|
207,worker,work|wore|woke|rower|worker|rework|,work|wore|woke|rower|worker|rework|
208,window,wind|down|widow|window|,wind|wino|down|widow|window|
209,energy,gene|genre|green|energy|,gene|genre|green|energy|
210,anyone,none|neon|annoy|anyone|,anon|none|neon|annoy|anyone|
211,author,auto|hart|rota|hurt|tour|rout|hour|author|,auto|oath|hart|rota|hoar|thou|hurt|tour|rout|hour|author|
212,agency,cage|acne|cane|cyan|cagey|agency|,cage|yang|acne|cane|cyan|cagey|agency|
213,factor,fact|frat|raft|fort|coat|cart|rota|craft|actor|factor|,fact|fart|frat|raft|afro|fort|coat|taco|cart|rota|facto|craft|croft|actor|factor|
214,beyond,obey|bone|bend|body|bond|deny|node|done|beyond|,obey|bone|bode|bend|bony|body|bond|deny|node|done|ebony|boned|doyen|beyond|
215,amount,moan|atom|moat|auto|aunt|tuna|mount|amount|,moan|atom|moat|auto|aunt|tuna|unto|mount|amount|
216,career,care|acre|race|rare|rear|carer|racer|career|,care|acre|race|rare|rear|carer|racer|career|
217,degree,edge|deer|reed|greed|degree|,edge|deer|reed|greed|degree|
218,region,rein|ring|grin|iron|gone|reign|goner|groin|region|ignore|,ergo|gore|goer|ogre|rein|ring|grin|iron|gone|reign|goner|groin|region|ignore|
219,arrive,rare|rear|rave|raver|river|arrive|,rare|rear|aver|rave|airer|raver|river|arrive|
220,expert,peer|pert|tree|exert|expert|,peer|pert|tree|exert|peter|expert|
221,weapon,wean|wane|pawn|pane|neap|nape|peon|open|nope|weapon|,wean|wane|anew|pawn|pane|neap|nape|peon|open|nope|weapon|
222,manage,mane|mean|amen|name|mega|game|manage|,mane|mean|amen|name|mega|game|mange|manage|
223,camera,came|mace|cram|care|race|mare|ream|area|cream|camera|,came|acme|mace|cram|care|acre|race|mare|ream|area|cream|camera|
224,weight,whet|twig|with|whit|weigh|white|eight|weight|,whet|whig|twig|with|whit|weigh|white|eight|weight|
225,affect,face|fate|feat|fact|facet|affect|,face|fate|feat|feta|fact|facet|affect|
226,writer,writ|wire|rite|tire|tier|write|trier|writer|,writ|wire|weir|rite|tire|tier|write|trier|writer|
227,cancer,cane|acne|care|race|near|earn|crane|cancer|,cane|acne|narc|care|acre|race|near|earn|crane|cancer|
228,finger,fine|fire|grin|ring|rein|feign|grief|reign|finger|fringe|,fine|frig|fire|rife|fern|grin|ring|rein|feign|finer|infer|grief|reign|finger|fringe|
229,garden,grade|grand|anger|range|garden|gander|danger|,grade|raged|grand|anger|range|garden|gander|ranged|danger|
230,notice,into|note|tone|icon|coin|once|cone|cent|nice|notice|,into|cont|note|tone|icon|coin|once|cone|econ|tine|cent|nice|cine|cite|tonic|notice|
231,budget,tube|debt|budge|debug|debut|budget|,tube|debt|duet|budge|debug|debut|budget|
232,travel,avert|alter|alert|later|valet|travel|,avert|alter|alert|later|valet|velar|travel|varlet|
233,option,into|onto|pint|point|option|potion|,into|onto|pint|point|piton|pinto|option|potion|
234,recall,race|care|real|lace|cell|call|clear|recall|cellar|caller|,race|care|acre|real|earl|lace|cell|call|clear|recall|cellar|caller|
235,income,icon|coin|nice|mine|mice|cone|once|come|mince|income|,icon|coin|nice|cine|omni|mine|mien|mice|cone|once|omen|come|mince|income|
236,attend,teat|ante|neat|date|dean|tent|tend|dent|attend|,teat|ante|neat|date|dean|tent|nett|tend|dent|attend|
237,battle,beat|bale|able|belt|teat|tale|late|table|battle|tablet|,beat|beta|abet|bale|able|belt|teat|tale|teal|late|bleat|table|latte|battle|tablet|
238,define,fend|feed|dine|need|find|fine|fiend|define|,fend|feed|dine|need|find|fine|fiend|fined|define|
239,normal,norm|roan|moan|loan|roam|oral|manor|moral|normal|,norm|morn|roan|moan|loan|roam|oral|loam|manor|moral|molar|normal|
240,handle,hand|head|heal|held|land|lane|lean|deal|lead|lend|laden|handle|,hand|head|hale|heal|held|land|dean|lane|lean|dale|deal|lead|lend|laden|handle|
241,return,true|rent|runt|turn|tune|tuner|rerun|return|,true|rent|tern|rune|runt|turn|tune|truer|tuner|rerun|return|turner|
242,survey,sure|user|ruse|very|survey|,sure|user|ruse|rues|revs|very|survey|
243,demand,made|mend|dean|dead|damn|mean|mane|amen|name|admen|amend|demand|,dame|mead|made|mend|dean|dead|damn|mean|mane|amen|name|admen|amend|named|demand|damned|madden|
244,flight,flit|lift|gift|fight|light|flight|,flit|lift|gift|gilt|hilt|filth|fight|light|flight|
245,emerge,mere|germ|merge|emerge|,mere|germ|merge|emerge|
246,belief,bile|beef|life|file|feel|flee|belief|,bile|beef|life|file|feel|flee|belie|belief|
247,murder,drum|rude|demur|murder|,drum|rude|rued|demur|ruder|murder|
248,review,ever|veer|wire|were|view|review|viewer|,ever|veer|weir|wire|ewer|were|view|review|viewer|
249,engage,gene|gang|engage|,gene|gage|gang|engage|
250,anyway,yawn|away|anyway|,yawn|away|anyway|
251,female,fame|flea|leaf|feel|flee|meal|male|lame|flame|female|,fame|flea|leaf|feel|flee|meal|male|lame|flame|female|
252,afraid,fair|arid|raid|afraid|,afar|fair|aria|arid|raid|afraid|
253,charge,arch|ache|each|care|race|cage|hear|rage|gear|reach|grace|charge|,char|arch|ache|each|crag|care|acre|race|cage|hare|hear|rage|gear|reach|grace|charge|
254,active,cave|cite|vice|evict|active|,cave|cite|vice|vitae|civet|evict|active|
255,extend,next|teen|tend|dent|need|extend|,next|teen|tend|dent|need|extend|
256,bottom,boot|tomb|boom|bottom|,boot|tomb|boom|toot|moot|motto|bottom|
257,damage,dame|made|mega|game|adage|damage|,dame|made|mead|aged|mega|game|adage|damage|
258,injury,ruin|jury|injury|,ruin|jury|injury|
259,engine,gene|nine|engine|,gene|nine|genie|engine|
260,ticket,tick|cite|kite|ticket|,tick|cite|kite|ticket|
261,obtain,boat|obit|into|bait|anti|obtain|,boat|obit|iota|into|bait|anti|baton|obtain|
262,invite,vine|vein|tine|vent|invite|,vine|vein|tine|vent|invite|
263,pocket,cope|poke|poet|peck|kept|coke|pocket|,cope|poke|poet|peck|kept|coke|toke|pocket|
264,belong,lobe|bone|lone|gone|long|noble|globe|belong|,bole|lobe|bone|glob|bong|lone|noel|ogle|glen|gone|long|noble|globe|belong|
265,yellow,yell|well|lowly|yellow|,yell|yowl|well|lowly|yellow|
266,profit,port|trip|riot|rift|profit|,prof|port|trip|fort|riot|trio|rift|profit|
267,prefer,peer|reef|free|refer|prefer|,peer|reef|free|refer|freer|prefer|
268,beauty,beat|beta|tube|byte|beauty|,beau|beat|beta|abet|tube|byte|abut|tuba|beaut|beauty|
269,bottle,bolt|bole|lobe|belt|bottle|,bolt|blot|bole|lobe|belt|tote|bottle|
270,launch,haul|clan|lunch|launch|,ulna|haul|clan|lunch|launch|
271,afford,road|ford|afford|,road|doff|ford|afford|
272,appeal,pale|peal|plea|leap|apple|appeal|,papa|pale|peal|plea|leap|apple|papal|appeal|
273,length,gent|then|length|,glen|lent|gent|then|length|
274,winner,wine|wire|nine|rein|inner|winner|,wine|wire|weir|wren|nine|rein|inner|winner|
275,volume,vole|love|move|mole|mule|volume|,vole|love|ovum|move|mole|mule|volume|
276,narrow,warn|worn|roar|arrow|narrow|,roan|warn|worn|roar|arrow|narrow|
277,useful,fuse|fuel|flue|self|useful|,fuse|fuel|flue|self|fuels|flues|useful|
278,reject,tree|erect|eject|reject|,jeer|tree|cert|erect|eject|reject|
279,plenty,pent|type|lent|plenty|,pelt|yelp|pent|type|lent|plenty|
280,behind,bend|bind|hide|dine|hind|behind|,bide|bend|bind|hide|dine|hind|behind|
281,proper,prop|pore|rope|prep|proper|,prop|pore|rope|prep|proper|
282,twenty,went|tent|twenty|,went|newt|tent|nett|twenty|
283,agenda,dean|adage|agenda|,aged|dang|dean|adage|agenda|
284,unable,blue|bane|bean|lane|lean|able|bale|unable|,ulna|beau|blue|bane|bean|lane|lean|able|bale|ulnae|unable|nebula|
285,visual,visa|sail|visual|,visa|vial|sail|ails|vials|visual|
286,inform,iron|firm|form|from|minor|inform|,info|iron|firm|norm|morn|form|from|minor|inform|
287,bother,both|bore|robe|tore|rote|hero|other|bother|,both|bore|robe|herb|tore|rote|hero|broth|throb|berth|other|bother|
288,double,loud|bold|bode|dole|lode|duel|lobe|blue|double|,loud|bold|bode|dole|lode|duel|bled|bole|lobe|blue|double|
289,jacket,jack|cake|tack|take|teak|jacket|,jack|cake|tack|take|teak|jacket|
290,adjust,dust|stud|just|adjust|,dust|stud|just|juts|adjust|
291,retire,tire|tier|tree|retire|,rite|tire|tier|tree|trier|retire|
292,attach,tact|that|chat|attach|,tact|that|chat|attach|
293,glance,cage|clan|lane|lean|lace|cane|angle|angel|clean|glance|,gale|glen|cage|clan|lane|lean|lace|acne|cane|clang|glean|angle|angel|lance|clean|glance|
294,junior,join|ruin|iron|junior|,join|ruin|iron|junior|
295,pretty,prey|pyre|type|petty|pretty|,pert|prey|pyre|type|petty|pretty|
296,unlike,nuke|link|line|like|unlike|,nuke|lieu|link|kiln|line|lien|like|liken|unlike|
297,recipe,rice|pier|peer|epic|price|crepe|creep|piece|recipe|pierce|,rice|ripe|pier|peer|epic|price|crepe|creep|piece|recipe|pierce|
298,wooden,wood|down|done|node|endow|wooden|,wood|owed|down|wend|done|node|wooed|owned|endow|wooden|
299,origin,iron|ring|grin|origin|,iron|ring|grin|groin|origin|
300,heaven,have|vane|nave|even|heave|haven|heaven|,have|vane|nave|even|heave|haven|heaven|
301,stupid,suit|stud|dust|spit|spud|stupid|,puts|suit|stud|dust|spit|tips|pits|spud|dips|stupid|
302,occupy,coup|copy|occupy|,coup|copy|coypu|occupy|
303,bullet,bull|blue|tube|bell|belt|lute|tell|bullet|,bull|blue|tube|bell|belt|lute|tell|tulle|bullet|
304,likely,like|kill|lily|yell|likely|,like|kill|lily|yell|likely|
305,freeze,free|reef|freeze|,free|reef|freeze|
306,target,tare|tear|rate|gate|rage|gear|grate|great|treat|target|,tare|tear|rate|tart|gate|teat|rage|gear|grate|great|tater|treat|target|
307,bucket,buck|cube|tube|beck|tuck|cute|bucket|,buck|cube|tube|beck|tuck|cute|bucket|
308,update,dupe|dept|pate|peat|tape|date|taupe|adept|update|,dupe|duet|aped|dept|pate|peat|tape|date|taupe|adept|taped|update|
309,remark,ream|mare|rear|rare|rake|mark|make|maker|remark|marker|,ream|mare|rear|rare|rake|mark|make|rearm|maker|remark|marker|
310,brutal,burl|blur|brat|tuba|brutal|,burl|blur|brat|tuba|abut|blurt|ultra|brutal|
311,forbid,ford|bird|forbid|,ford|bird|forbid|
312,mobile,moil|mole|limb|mile|lime|boil|bole|lobe|mobile|,moil|limo|mole|limb|mile|lime|boil|bole|lobe|bile|limbo|mobile|
313,palace,clap|pale|plea|peal|leap|pace|cape|lace|place|palace|,clap|pale|plea|peal|leap|pace|cape|lace|place|apace|palace|
314,patron,part|trap|atop|pant|port|porn|rota|rant|torn|patron|,part|tarp|trap|rapt|atop|pant|port|pron|porn|rota|rant|roan|torn|apron|patron|
315,carrot,cart|coat|roar|rota|actor|carrot|,cart|coat|taco|roar|rota|actor|carrot|
316,regret,tree|greet|regret|,tree|egret|greet|regret|
317,monkey,monk|omen|yoke|money|monkey|,monk|omen|yoke|money|monkey|
318,jungle,lung|glue|luge|lunge|jungle|,lung|glue|luge|glen|lunge|jungle|
319,behalf,bale|able|heal|hale|leaf|flea|half|fable|behalf|,bale|able|blah|flab|heal|hale|leaf|flea|half|fable|behalf|
320,pencil,pine|epic|pile|clip|nice|line|lice|pencil|,pine|epic|pile|clip|nice|cine|lien|line|lice|incl|pencil|
321,rabbit,barb|brat|bait|rabbit|,barb|brat|bait|rabbit|
322,helmet,helm|heel|them|melt|meet|theme|helmet|,helm|heel|them|thee|melt|meet|mete|teem|theme|helmet|
323,eleven,even|levee|eleven|,even|levee|eleven|
324,puzzle,up|pule|puzzle|,up|pule|puzzle|
325,empire,mire|rime|mere|pier|ripe|peer|prim|prime|empire|,perm|emir|mire|rime|mere|pier|ripe|peer|prim|prime|empire|
326,bubble,bulb|blue|bubble|,bulb|blue|bubble|
327,donate,done|node|dean|dent|tend|date|note|tone|neat|anode|atone|donate|,done|node|toad|dote|toed|dean|dent|tend|date|note|tone|neat|ante|anode|noted|toned|atone|donate|atoned|
328,toilet,toil|tote|tile|lite|tilt|title|toilet|,toil|tote|tile|lite|tilt|title|toilet|
329,enroll,lone|role|roll|loner|enroll|,noel|lone|role|lore|roll|loner|enroll|
330,vanish,vain|visa|shin|vanish|,vain|vans|visa|shiv|shin|vanish|
331,purple,pure|pulp|rule|lure|upper|purple|,pure|pulp|pule|prep|rule|lure|upper|purple|
332,pickup,pick|puck|pickup|,pick|puck|pickup|
333,convey,cone|once|oven|envy|envoy|convey|,cone|once|cove|oven|envy|coven|envoy|convey|
334,format,form|from|fort|foam|farm|frat|fart|raft|roam|rota|moat|atom|mart|tram|format|,form|from|fort|foam|farm|frat|fart|raft|roam|rota|moat|atom|mart|tram|format|
335,behave,have|heave|behave|,have|heave|behave|
336,guitar,gait|girt|grit|guitar|,gait|girt|grit|guitar|
337,medium,dime|mime|medium|,dime|mime|medium|
338,temple,temp|melt|teem|meet|pelt|peel|temple|,temp|melt|teem|mete|meet|pelt|peel|temple|
339,export,pore|rope|poet|rote|tore|port|trope|export|,expo|pore|rope|poet|pert|rote|tore|port|trope|export|
340,bitter,bite|tier|tire|rite|biter|tribe|trite|bitter|,bite|bier|tier|tire|rite|biter|tribe|trite|bitter|
341,combat,comb|coma|coat|tomb|moat|atom|boat|combat|,comb|coma|coat|taco|tomb|moat|atom|boat|combat|
342,gentle,gent|glen|gene|glee|lent|teen|gentle|,gent|glen|gene|glee|lent|teen|gentle|
343,legend,glee|glen|lend|gene|edge|need|ledge|legend|,glee|glen|geld|lend|gene|edge|need|ledge|legend|
344,abroad,boar|bard|drab|road|broad|board|abroad|aboard|,boar|bard|drab|road|broad|board|abroad|aboard|
345,soccer,sore|rose|core|score|soccer|,sore|ores|rose|core|score|cores|soccer|
346,defeat,feed|deaf|fade|date|daft|feet|feat|fate|defeat|,feed|deaf|fade|deft|date|daft|feet|feat|feta|fate|feted|fated|defeat|
347,orange,roan|gore|ergo|gone|rang|near|earn|rage|gear|organ|groan|range|anger|orange|,roan|ogre|gore|goer|ergo|gone|rang|near|earn|rage|gear|organ|argon|groan|goner|range|anger|orange|
348,cookie,cook|coke|cookie|,cook|coke|cookie|
349,devote,dove|veto|vote|devote|,dove|dote|toed|veto|vote|voted|devote|vetoed|
350,comedy,come|code|mode|dome|demo|decoy|comedy|,come|coed|code|mode|dome|demo|decoy|comedy|
351,borrow,boor|brow|borrow|,boor|brow|borrow|
352,garage,gear|rage|gaga|gage|area|garage|,agar|raga|gear|rage|gaga|gage|area|garage|
353,legacy,gale|lace|lacy|clay|cage|cagey|legacy|,gale|lace|lacy|clay|cage|cagey|legacy|
354,musical,music|claim|musical|,music|sumac|mauls|mails|calms|clams|claim|claims|musical|
355,climate,claim|email|metal|climate|,claim|clime|camel|cleat|email|metal|malice|climate|
356,payment,empty|meant|payment|,peaty|empty|meaty|meant|payment|
357,emotion,emit|mite|time|item|mine|tone|note|tine|moon|mint|into|onto|motion|emotion|,mote|tome|omen|emit|mite|time|item|mien|mine|tone|note|tine|omit|moot|moon|mono|mint|into|onto|motion|emotion|
358,airline,alien|learn|linear|airline|,alien|renal|learn|liner|linear|airline|
359,library,bail|liar|lair|rail|ably|airy|bray|library|,bail|lira|liar|lair|rail|ably|airy|bray|library|
360,recover,cover|recover|,cover|corer|rover|recover|
361,factory,craft|actor|factor|factory|,craft|foray|croft|forty|actor|factor|crafty|factory|
362,violent,olive|violet|violent|,voile|olive|liven|novel|inlet|violet|violent|
363,suppose,spouse|suppose|,soups|souse|popes|posse|poses|pesos|spouse|opuses|suppose|
364,abandon,band|bond|abandon|,band|anon|bond|abandon|
365,alcohol,local|hallo|alcohol|,local|hallo|achoo|alcohol|
366,arrange,arena|anger|range|arrange|,reran|arena|anger|range|ranger|garner|arrange|
367,amazing,main|gain|zing|mania|again|amazing|,main|magi|gain|zing|mania|again|amazing|
368,intense,tense|tennis|intense|,inset|tines|stein|nines|tense|teens|tennis|intense|
369,advance,dean|vane|cave|cane|vend|dance|advance|,dean|aced|dace|vane|nave|cave|acne|cane|vend|caved|dance|caned|advance|
370,monitor,minor|motion|monitor|,minor|moron|motor|intro|motion|monitor|
371,digital,gild|dial|laid|glad|tail|digit|tidal|digital|,gild|dial|laid|glad|gait|gilt|tail|digit|tidal|digital|
372,command,coma|ammo|moan|damn|comma|command|,coma|coda|ammo|moan|damn|comma|nomad|command|
373,journey,joey|jury|your|enjoy|journey|,joey|jury|your|yore|rune|enjoy|journey|
374,anxiety,anti|neat|taxi|next|tine|tiny|exit|anxiety|,anti|ante|neat|taxi|next|tine|tiny|exit|yeti|anxiety|
375,embrace,bream|ember|cream|brace|caber|camber|became|embrace|,bream|amber|ember|cream|brace|caber|camber|became|embrace|
376,channel,leach|clean|lance|channel|,leach|clean|lance|henna|channel|
377,extreme,tree|term|teem|meet|mere|exert|meter|extreme|,tree|term|teem|mete|meet|mere|exert|meter|extreme|
378,general,enrage|angler|regale|leaner|general|enlarge|,genera|enrage|angler|regale|leaner|general|enlarge|
379,refugee,reef|free|urge|refuge|refugee|,reef|free|urge|refuge|refugee|
380,barrier,bare|bear|rare|rear|barrier|,bare|brae|bear|bier|rare|rear|barer|brier|airer|rarer|barrier|
381,cabinet,cane|cant|nice|cite|cent|bane|bean|abet|beat|anti|neat|bite|bent|tine|cabin|enact|cabinet|,cane|acne|cant|nice|cite|cent|bait|bane|bean|abet|beat|anti|ante|neat|bite|bent|tine|cabin|enact|cabinet|
382,unknown,noun|know|wonk|known|unknown|,noun|know|wonk|known|unknown|
383,offense,nose|seen|offense|,offs|foes|noes|nose|fens|fees|seen|offense|
384,wealthy,whale|wealth|wealthy|,whale|wheat|lathe|wealth|wealthy|
385,uniform,forum|minor|inform|uniform|,mourn|forum|minor|inform|uniform|
386,helpful,help|hell|pule|flue|fuel|fell|pull|full|helpful|,help|hell|hull|pelf|pule|flue|fuel|fell|pull|full|helpful|
387,arrival,rival|viral|arrival|,rival|viral|larva|avail|arrival|
388,habitat,bath|that|bait|habit|habitat|,bath|that|bait|habit|habitat|
389,blanket,blank|table|ankle|blanket|,blank|bleak|bleat|table|ankle|knelt|taken|anklet|blanket|
390,courage,grace|argue|courage|,cargo|grace|rouge|rogue|auger|argue|cougar|courage|
391,captain,panic|paint|captain|,panic|paint|inapt|capita|catnap|catnip|patina|captain|
392,gallery,really|gallery|allergy|largely|,galley|argyle|really|gallery|allergy|largely|regally|
393,compose,scoop|copse|scope|moose|compose|,comps|comes|coops|scoop|copse|copes|scope|mopes|poems|moose|compose|
394,essence,sense|scene|essence|,sense|scene|scenes|essence|
395,swallow,allow|sallow|wallow|swallow|,walls|allow|sallow|allows|wallow|swallow|wallows|
396,diamond,amid|maid|mind|damn|main|moan|domain|diamond|,amid|maid|mind|damn|dado|main|moan|nomad|domain|diamond|
397,biology,boil|glib|glob|oily|yogi|logo|biology|,boil|glib|glob|oily|yogi|logo|igloo|biology|
398,whoever,where|hover|whoever|however|,whore|where|hover|whoever|however|
399,bicycle,bile|lice|cycle|bicycle|,bile|lice|cycle|bicycle|
400,logical,logic|local|logical|,logic|local|lilac|logical|
401,unhappy,puny|pupa|nappy|happy|unhappy|,yuan|puny|pupa|nappy|happy|unhappy|
402,premium,prime|impure|umpire|immure|premium|,prime|impure|umpire|immure|premium|
403,provoke,poor|pork|pore|rope|perk|poke|over|rook|prove|poker|provoke|,poor|pork|pore|rope|perk|poke|rove|over|rook|prove|poker|provoke|
404,specify,spice|spicy|specify|,spice|epics|yipes|spicy|specify|
405,apology,play|goal|yoga|pool|loop|logo|loopy|apology|,opal|play|gaol|goal|yoga|polo|pool|loop|ploy|pogo|logo|loopy|apology|
406,website,wise|west|stew|best|bite|beet|site|sweet|beset|website|,webs|wise|west|wets|stew|wees|ewes|twee|wits|best|bets|bees|bite|beet|site|ties|tees|bits|sweet|bites|beset|beets|website|
407,private,viper|tripe|rivet|irate|avert|privet|pirate|private|,viper|tapir|tripe|prate|pater|taper|rivet|irate|avert|privet|pirate|private|
408,provide,prove|viper|pride|drove|drive|diver|video|period|provide|,prove|pored|roped|viper|pride|pried|roved|drove|dover|drive|diver|video|proved|period|dopier|provide|
409,example,expel|ample|maple|example|,expel|ample|maple|example|
410,usually,slay|ally|usual|sully|sally|usually|,luau|slay|lays|ally|usual|sully|sally|usually|
411,percent,recent|center|percent|,repent|recent|center|percent|
412,perfect,crepe|creep|crept|erect|perfect|prefect|,crepe|creep|peter|crept|erect|perfect|prefect|
413,ability,alibi|laity|ability|,alibi|tibia|laity|ability|
414,auction,count|action|auction|caution|,canto|tunic|count|tonic|toucan|action|cation|auction|caution|
415,amateur,mater|trauma|mature|amateur|,mater|tamer|trauma|mature|amateur|
416,brought,throb|bough|rough|ought|tough|bought|brought|,broth|throb|burgh|bough|rough|grout|ought|tough|bought|trough|brought|
417,graphic,graph|chair|graphic|,graph|cigar|parch|chair|chirp|graphic|
418,academy,came|mace|dame|made|mead|decay|academy|,acme|came|mace|dame|made|mead|decay|academy|
419,dynamic,damn|mind|amid|maid|acid|many|cyan|main|candy|manic|dynamic|,damn|mind|amid|maid|acid|many|cyan|main|mica|candy|manic|dynamic|
420,preview,review|viewer|preview|,viper|wiper|review|viewer|preview|
421,highway,high|highway|,high|highway|
422,poverty,prove|trope|overt|voter|trove|poetry|poverty|,prove|trope|overt|voter|trove|poetry|poverty|
423,absence,cease|scene|encase|absence|,beans|canes|cease|beens|scene|encase|absence|
424,receipt,price|piece|recipe|receipt|,creep|crepe|erect|price|trice|crept|petri|tripe|piece|recipe|pierce|recite|receipt|
425,charity,chair|chart|chary|yacht|itchy|hairy|charity|,chair|chart|chary|aitch|yacht|itchy|hairy|charity|
426,penalty,planet|plenty|penalty|,planet|plenty|neatly|penalty|aplenty|
427,teenage,eaten|agent|teenage|,eaten|agent|negate|teenage|
428,rainbow,brain|brown|rainbow|,brain|bairn|baron|brawn|robin|brown|rainbow|
429,renewal,renew|learn|renewal|,renew|newer|ranee|renal|learn|leaner|renewal|
430,diagram,arid|raid|amid|maid|gird|grid|drag|grad|dram|grim|agar|gram|drama|diagram|,arid|raid|amid|maid|gird|grid|drag|grad|dram|aria|grim|agar|raga|gram|drama|diagram|
431,acquire,acre|care|race|cure|rice|acquire|,acre|care|race|cure|rice|acquire|
432,seafood,safe|dose|sofa|soda|fade|deaf|food|seafood|,safe|foes|feds|odes|dose|does|sofa|oafs|fads|soda|fade|deaf|food|fades|foods|seafood|
433,revenge,nerve|never|verge|green|genre|veneer|renege|revenge|,nerve|never|verge|green|genre|veneer|renege|revenge|
434,lawsuit,waist|lawsuit|,wails|tails|wilts|waist|waits|lawsuit|
435,predict,depict|direct|credit|predict|,priced|depict|direct|credit|predict|
436,painful,plain|final|painful|,plain|pilaf|final|painful|
437,comfort,form|from|moor|room|moot|roof|foot|fort|root|motor|comfort|,corm|coot|form|from|moor|room|moot|roof|foot|fort|root|croft|motor|comfort|
438,scandal,scald|nasal|salad|canal|sandal|scandal|,clans|scald|lands|nasal|salad|canal|canals|sandal|scandal|
439,officer,offer|force|office|officer|,offer|force|fifer|office|coffer|officer|
440,attempt,tame|team|mate|meat|tape|pate|peat|temp|tempt|attempt|,teat|tame|team|mate|meat|meta|tape|pate|peat|tamp|temp|tempt|attempt|
441,collect,colt|clot|cell|toll|tell|collect|,colt|clot|cell|toll|tell|cello|collect|
442,meaning,mange|image|inane|enigma|gamine|meaning|,mange|image|inane|enigma|gamine|naming|meaning|
443,beneath,bathe|eaten|thane|beaten|ethane|beneath|,bathe|eaten|thane|beaten|ethane|beneath|
444,because,abuse|scuba|cause|sauce|cease|because|,cubes|beaus|abuse|scuba|cause|sauce|cease|because|
445,between,bent|been|went|teen|between|,beet|bent|been|twee|went|newt|teen|between|
446,country,count|court|crony|county|outcry|country|,count|court|corny|crony|county|outcry|country|
447,problem,pore|rope|prom|romp|perm|pole|lope|poem|mope|robe|bore|role|lore|more|berm|bole|lobe|mole|probe|problem|,pore|rope|prom|romp|perm|pole|lope|poem|mope|robe|bore|role|lore|more|berm|bole|lobe|mole|probe|problem|
448,company,comp|coma|copy|camp|cyan|moan|mayo|pony|many|campy|canopy|company|,comp|coma|copy|camp|cyan|moan|mayo|pony|many|campy|canopy|company|
449,program,prom|romp|pram|ramp|roar|roam|gram|program|,prom|romp|pram|ramp|roar|roam|gram|armor|program|
450,believe,bile|vibe|evil|live|veil|vile|belie|bevel|believe|,bile|vibe|evil|live|veil|vile|belie|bevel|levee|believe|
451,without,with|whit|twit|tout|outwit|without|,with|whit|twit|thou|tout|outwit|without|
452,however,hover|where|however|whoever|,whore|hover|where|however|whoever|
453,nothing,ninth|night|thing|nothing|,thong|ingot|ninth|night|thing|noting|toning|honing|nothing|
454,whether,threw|where|there|three|whether|,threw|where|ether|there|three|whether|
455,history,shirt|short|story|history|,hoist|shirt|short|trios|riots|story|tyros|shorty|history|
456,morning,norm|grim|iron|ring|grin|minor|groin|morning|,morn|norm|grim|iron|ring|grin|minor|groin|morning|
457,college,clog|cell|ogle|glee|cello|college|,clog|cell|ogle|glee|cello|college|
458,suggest,guess|guest|gusset|suggest|,guess|guest|gusts|gusset|guests|suggest|
459,control,croon|color|control|,croon|colon|color|control|
460,require,queer|require|,queer|require|
461,finally,final|flail|filly|inlay|finally|,final|flail|filly|inlay|finally|
462,product,proud|croup|court|product|,proud|croup|court|product|
463,century,cruet|truce|tuner|entry|century|,cuter|cruet|truce|tuner|entry|century|
464,billion,bill|boil|boll|lion|loin|billion|,bill|boil|boll|lion|lino|loin|billion|
465,brother,broth|throb|berth|other|bother|brother|,broth|throb|berth|other|retro|bother|brother|
466,realize,real|earl|rile|reel|leer|rail|lair|lira|liar|zeal|lazier|realize|,real|earl|raze|rile|reel|leer|rail|lair|lira|liar|laze|zeal|aerie|lazier|realize|
467,hundred,under|udder|hundred|,under|nuder|udder|hundred|
468,economy,cone|once|come|omen|coon|mono|moon|money|economy|,cone|once|come|omen|coon|mono|moon|money|economy|
469,involve,liven|voile|olive|novel|involve|,liven|voile|olive|novel|involve|
470,defense,dense|defense|,feeds|fends|dense|needs|defense|
471,quickly,quick|lucky|quickly|,quick|lucky|quickly|
472,foreign,forge|gofer|grief|infer|feign|goner|groin|reign|fringe|finger|region|ignore|foreign|,forge|gofer|grief|infer|feign|goner|groin|reign|fringe|finger|region|ignore|foreign|
473,thought,tough|ought|though|thought|,tough|ought|though|thought|
474,success,cuss|success|,cues|cuss|sues|uses|secs|cusses|success|
475,benefit,been|bent|beef|beet|bite|teen|fine|tine|feet|befit|feint|benefit|,been|bent|beef|beet|bite|teen|fine|tine|feet|befit|feint|benefit|
476,forward,dwarf|arrow|forward|,dwarf|arrow|ardor|forward|
477,various,savor|visor|virus|savior|various|,savor|visor|virus|savior|various|
478,science,since|scene|niece|scenic|science|,since|scene|niece|scenic|nieces|science|
479,imagine,image|mange|gamine|enigma|imagine|,image|mange|aiming|gamine|enigma|imagine|
480,tonight,thing|night|tight|tonight|,ingot|thong|thing|night|tight|toting|tonight|
481,popular,polar|poplar|popular|,polar|poplar|popular|
482,perform,reform|former|perform|,romper|reform|former|perform|
483,evening,given|engine|evening|,given|genie|engine|evening|
484,improve,prime|movie|prove|improve|,prime|movie|viper|mover|prove|improve|
485,purpose,upper|purse|super|prose|spore|rouse|supper|purpose|,upper|pours|purse|super|props|preps|prose|pores|poser|ropes|spore|rouse|uppers|supper|purpose|
486,machine,manic|chime|mince|chain|china|niche|anemic|cinema|machine|,manic|chime|mince|chain|china|niche|anemic|cinema|machine|
487,partner,taper|raper|reran|parent|entrap|errant|partner|,pater|prate|taper|raper|reran|parent|entrap|errant|partner|
488,kitchen,thick|think|chink|ketch|ethic|thine|niche|tench|ethnic|kitchen|thicken|,thick|think|chink|ketch|ethic|thine|niche|tench|ethnic|kitchen|thicken|
489,opinion,onion|pinion|opinion|,onion|pinion|opinion|
490,species,spice|piece|species|,spice|epics|specs|spies|seeps|piece|pieces|spices|espies|species|
491,freedom,freed|defer|erode|deform|freedom|,freed|defer|erode|formed|deform|freedom|
492,achieve,ache|each|cave|have|vice|hive|heave|achieve|,ache|each|cave|have|vice|hive|heave|achieve|
493,conduct,duct|undo|count|donut|conduct|,cunt|duct|undo|unto|count|donut|conduct|
494,nuclear,neural|unreal|nuclear|unclear|,neural|unreal|nuclear|unclear|
495,weekend,week|weed|knew|keen|knee|need|weekend|,week|weed|knew|wend|keen|knee|eked|need|kneed|keened|weekend|
496,village,villa|alive|legal|village|,villa|ville|alive|gavel|agile|legal|village|
497,observe,observe|obverse|verbose|,breves|observe|obverse|verbose|
498,average,grave|agree|eager|average|,grave|agave|agree|eager|verge|ravage|average|
499,operate,opera|trope|orate|taper|eater|repeat|operate|,opera|trope|orate|taper|eater|repeat|operate|
500,survive,sure|user|ruse|rise|virus|survive|,sure|user|ruse|rues|revs|sire|rise|vise|vies|virus|survive|
501,comment,come|cone|once|cent|memo|omen|mote|tome|note|tone|comet|moment|comment|,come|cone|once|cent|memo|omen|mote|tome|note|tone|comet|moment|comment|
502,regular,gruel|argue|auger|regal|glare|large|ruler|rural|larger|regular|,gruel|argue|auger|regal|glare|large|lager|ruler|rural|larger|regular|
503,measure,amuse|smear|serum|erase|reuse|resume|measure|,amuse|mares|smear|reams|serum|meres|erase|reuse|resume|measure|
504,combine,comb|come|coin|icon|cone|once|mice|nice|omen|bone|mine|mince|income|combine|,comb|come|coin|icon|cone|once|mice|nice|omen|bone|mine|mien|mince|income|combine|
505,victory,city|trio|riot|tyro|ivory|victor|victory|,city|trio|riot|tyro|vitro|ivory|victor|victory|
506,healthy,heal|hale|heat|hate|yeah|they|halt|late|teal|tale|lathe|heath|health|healthy|,heal|hale|heat|hate|yeah|they|halt|lath|hath|late|teal|tale|lathe|heath|health|healthy|
507,justice,juice|suite|justice|,juice|suite|cites|juices|justice|
508,primary,parry|marry|primary|,parry|marry|primary|
509,chicken,chick|cinch|chink|niche|check|chicken|,chick|cinch|chink|niche|check|chicken|
510,session,noise|session|,noses|noise|noises|session|
511,welcome,cowl|mole|come|welcome|,mewl|meow|cowl|mole|come|welcome|
512,complex,compel|complex|,clomp|compel|complex|
513,athlete,lathe|latte|teeth|athlete|,lathe|latte|teeth|athlete|
514,balance,cable|canal|clean|balance|,banal|cabal|cable|canal|lance|clean|balance|
515,revenue,nerve|never|venue|revenue|,nerve|never|revue|venue|veneer|revenue|
516,obvious,boo|sob|sou|bus|obvious|,obi|boo|sob|sou|bus|boos|obvious|
517,anymore,rayon|yearn|manor|mayor|money|anymore|,rayon|yearn|manor|mayor|money|yeoman|moaner|anymore|
518,propose,spoor|prose|poser|spore|oppose|propose|,props|spoor|prose|pores|poser|ropes|spore|preps|poops|oppose|propose|
519,traffic,craft|tariff|traffic|,craft|tariff|traffic|
520,feature,after|eater|refute|feature|,after|eater|refute|feature|
521,outside,studio|outside|tedious|,studio|ousted|suited|duties|outside|tedious|
522,airport,ratio|prior|parrot|airport|,tapir|ratio|patio|prior|parrot|airport|
523,neither,entire|either|neither|,entire|herein|nether|either|neither|therein|
524,surgery,surge|surrey|surgery|,surge|urges|surer|surrey|surgery|
525,silence,since|scene|silence|license|,lines|slice|since|scene|niece|senile|nieces|silence|license|
526,confirm,minor|inform|confirm|,minor|micron|inform|confirm|
527,totally,total|loyal|totally|,total|atoll|allot|tally|alloy|loyal|totally|
528,holiday,daily|holiday|,doily|daily|holiday|
529,faculty,fault|faulty|faculty|,fault|faulty|faculty|
530,unusual,anus|ulna|usual|unusual|,anus|ulna|luau|usual|unusual|
531,approve,paper|opera|prove|approve|,paper|vapor|opera|prove|approve|
532,illegal,gill|gall|gale|agile|legal|illegal|,gill|gall|gale|agile|legal|illegal|
533,forever,fever|refer|rover|fervor|forever|,fever|freer|refer|rover|fervor|forever|
534,display,daisy|plaid|daily|sadly|splay|palsy|display|,dials|daisy|plaid|daily|sadly|pails|splay|plays|palsy|plaids|display|
535,suspect,upset|suspect|,cusps|upset|specs|steps|pests|sects|upsets|suspect|
536,scholar,clash|crash|shoal|solar|roach|larch|coral|carol|choral|scholar|,lochs|chaos|clash|chars|crash|colas|coals|shoal|halos|solar|orals|roach|larch|coral|carol|corals|carols|choral|scholar|
537,warning,wring|grain|awning|warning|,awing|wring|grain|waning|awning|warning|
538,request,queer|reuse|reset|steer|terse|quest|request|quester|,queer|reuse|reset|steer|trees|terse|quest|queers|request|quester|
539,expense,seep|seen|expense|,exes|pees|seep|pens|seen|expense|
540,therapy,hearty|earthy|therapy|,hearty|earthy|therapy|
541,portion,potion|option|portion|,proton|pronto|potion|option|portion|
542,release,resale|sealer|release|,resale|sealer|release|
543,deserve,serve|sever|verse|severe|deserve|,deers|reeds|serve|sever|veers|verse|served|versed|veered|severe|deserve|severed|
544,resolve,loser|verso|serve|sever|verse|lover|revel|lever|solve|resolve|,roles|loser|roves|servo|overs|verso|reels|leers|serve|sever|verse|veers|lover|revel|lever|solve|loves|voles|elves|lovers|revels|levers|resolve|
545,present,spree|preen|steep|spent|sneer|reset|steer|terse|stern|enter|tense|preset|pester|repent|resent|present|serpent|,peers|spree|preen|steep|spent|sneer|reset|steer|trees|terse|rents|stern|terns|enter|teens|tense|preens|preset|pester|peters|repent|resent|enters|nester|tenser|present|repents|serpent|
546,symptom,posy|most|spot|stop|post|typo|stomp|symptom|,posy|toys|mops|most|toms|moms|spot|stop|post|pots|tops|opts|typo|typos|stomp|symptom|
547,contact,coat|cant|tact|contact|,coat|taco|coca|cant|tact|canto|contact|
548,breathe,breath|beater|rebate|heater|breathe|,breath|berate|beater|rebate|reheat|heater|breathe|
549,suicide,scud|disc|side|dice|suicide|,scud|cues|sued|used|dues|disc|ices|side|dies|cued|iced|dice|dices|suicide|
550,inspire,sniper|inspire|,sniper|ripens|inspire|spinier|
551,visible,vise|vibe|vile|veil|live|evil|bile|visible|,vise|vies|vibe|vile|veil|live|evil|ibis|isle|lies|bile|vibes|veils|lives|evils|visible|
552,stomach,mascot|stomach|,mascot|mochas|stomach|
553,whisper,shrew|swipe|wiper|shire|spire|prise|perish|whisper|,whips|whirs|shrew|wipes|swipe|wiser|wires|weirs|wiper|hires|heirs|shier|shire|spire|piers|prise|pries|wisher|wipers|perish|whisper|
554,mystery,stem|term|rest|mystery|,stem|term|rest|terms|mystery|
555,heavily,halve|heavy|alive|heavily|,halve|heavy|alive|heavily|
556,enhance,acne|cane|each|ache|hence|enhance|,acne|cane|each|ache|henna|hence|enhance|
557,missile,smile|slime|missile|,slims|semis|miles|smile|slime|limes|isles|smiles|simile|missile|similes|
558,mixture,mixer|remix|merit|timer|remit|mixture|,mixer|remix|merit|timer|remit|mixture|
559,concert,crone|toner|tenor|cornet|concert|,crone|recto|toner|tenor|cornet|concert|
560,another,ornate|anther|throne|hornet|another|,ornate|anther|throne|hornet|another|
561,equally,equal|quell|alley|equally|,equal|quell|alley|equally|
562,rapidly,rapid|dairy|diary|plaid|daily|rapidly|,rapid|laird|dairy|diary|lardy|plaid|daily|rapidly|
563,install,stain|saint|snail|slain|still|slant|stall|install|,stain|saint|satin|antis|nails|snail|slain|tails|still|tills|slant|stall|install|
564,nervous,snore|nurse|rouse|venous|nervous|,snore|nurse|runes|ovens|roves|verso|overs|servo|rouse|venous|nervous|
565,tourist,roust|tutor|trout|stout|trust|strut|suitor|tourist|,tours|routs|roust|tutor|trout|touts|stout|trios|riots|torts|trots|trust|strut|suitor|tutors|tourist|
566,protein,orient|protein|pointer|,orient|protein|pointer|
567,analyze,anal|lane|lean|zany|lazy|zeal|analyze|,anal|lane|lean|zany|lazy|laze|zeal|analyze|
568,capable,clap|cape|pace|lace|pale|plea|peal|leap|able|bale|apace|place|cabal|cable|palace|capable|,clap|cape|pace|lace|pale|plea|peal|leap|able|bale|apace|place|cabal|cable|palace|capable|
569,crucial,curl|rail|liar|lair|crucial|,curl|rail|lira|liar|lair|circa|crucial|
570,speaker,speak|spear|spare|parse|spree|spark|erase|speaker|,speak|spake|peaks|spear|spare|pears|parse|pares|reaps|rapes|peeks|keeps|perks|spree|peers|spark|parks|rakes|erase|reeks|speaker|
571,restore,store|reset|steer|terse|resort|roster|stereo|restore|,store|reset|steer|trees|terse|sorer|retro|resort|roster|stereo|terser|restore|
572,quietly,quiet|quite|quilt|equity|quietly|,quiet|quite|quilt|equity|quietly|
573,utility,tilt|utility|,tilt|utility|
574,routine,route|outer|toner|tenor|tuner|inter|inert|untie|unite|orient|routine|,route|outer|intro|toner|tenor|tuner|urine|inter|inert|untie|unite|orient|triune|routine|
575,classic,class|sisal|classic|,class|sails|sisal|classic|
576,distant,staid|stand|stain|saint|stint|titan|taint|distant|,staid|dints|stand|stain|saint|satin|antis|stint|tints|titan|taint|titans|taints|distant|
577,profile,peril|rifle|profile|,peril|rifle|flier|lifer|pilfer|profile|
578,fragile,frail|flair|afire|flare|feral|grief|rifle|regal|glare|large|agile|fragile|,frail|flair|afire|flare|feral|grief|flier|rifle|lifer|regal|glare|large|lager|agile|fragile|
579,proceed,crepe|creep|decor|erode|creed|proceed|,pored|roped|crepe|creep|coped|credo|cored|decor|erode|creed|proceed|
580,dispute,tepid|spite|piste|suite|upset|stupid|upside|dispute|,spied|diets|sited|tides|edits|tepid|dupes|duets|spite|piste|suite|upset|stupid|upside|spited|duties|suited|dispute|
581,fortune,front|forte|often|outer|route|toner|tenor|tuner|fortune|,front|forte|fount|futon|often|outer|route|toner|tenor|tuner|fortune|
582,genetic,genie|tinge|niece|entice|genetic|,genie|tinge|niece|teeing|entice|genetic|
583,adviser,advise|adviser|,advise|varied|raised|varies|divers|drives|adviser|
584,decline,elide|niece|decile|decline|,lined|elide|niece|decile|decline|
585,process,corpse|process|,corpse|posers|spores|copses|scopes|scores|process|corpses|
586,fiction,tonic|fiction|,tonic|fiction|
587,journal,lunar|journal|,lunar|journal|
588,pretend,preen|enter|deter|trend|repent|tender|pretend|,preen|enter|deter|trend|ender|repent|rented|tender|pretend|
589,violate,violet|violate|,violet|violate|
590,convert,cornet|covert|vector|convert|,cornet|covert|vector|convert|
591,squeeze,sue|use|see|squeeze|,sue|use|see|squeeze|
592,shortly,short|sloth|story|hotly|shorty|shortly|,short|sloth|story|tyros|hotly|shorty|shortly|
593,funeral,earful|unreal|neural|funeral|,earful|unreal|neural|funeral|
594,segment,tense|segment|,genes|gents|semen|meets|metes|teems|teens|tense|segment|
595,license,senile|license|silence|,senile|nieces|license|silence|
596,elderly,elder|leery|reedy|elderly|,elder|leery|reedy|yelled|elderly|
597,protest,poster|potter|protest|spotter|,presto|poster|tropes|potter|otters|protest|potters|spotter|
598,counter,cornet|counter|trounce|recount|,cornet|counter|trounce|recount|
599,diverse,derive|devise|desire|reside|revise|diverse|,divers|drives|derive|devise|sieved|desire|reside|versed|served|revise|diverse|derives|revised|
600,finance,canine|finance|,canine|finance|
601,founder,fondue|refund|founder|,fondue|fonder|refund|founder|
602,insight,sting|night|thing|sight|insight|,sting|hints|thins|night|thing|sight|siting|nights|things|insight|
603,dismiss,miss|dismiss|,dims|isms|miss|dismiss|
604,respect,preset|pester|secret|respect|,crepes|creeps|preset|pester|peters|erects|secret|respect|
605,episode,depose|episode|,poised|espied|depose|episode|
606,nowhere,owner|renew|where|nowhere|,owner|heron|newer|renew|whore|where|nowhere|whereon|
607,radical,radial|racial|radical|,radial|racial|radical|
608,storage,roast|store|stare|stage|arose|sarge|argot|groat|grate|great|storage|,sorta|rotas|roast|store|togas|goats|stare|tares|tears|rates|aster|stage|gates|arose|ogres|gorse|gores|goers|sarge|sager|rages|gears|argot|groat|gator|orate|grate|great|argots|groats|gators|grates|greats|storage|
609,leather,relate|healer|heater|leather|,lather|halter|relate|healer|heater|reheat|leather|
610,council,colic|uncoil|council|,colic|uncoil|council|
611,fantasy,antsy|nasty|fantasy|,antsy|nasty|fantasy|
612,gesture,guest|surge|segue|serge|greet|egret|steer|terse|reset|reuse|gesture|,guest|surge|urges|segue|serge|greet|egret|steer|terse|trees|reset|reuse|greets|egrets|gesture|
613,witness,twine|swine|sinew|inset|stein|witness|,twine|twins|wines|swine|sinew|newts|stews|inset|tines|stein|sites|sties|nests|twines|wisest|sinews|insets|steins|witness|
614,chapter,preach|carpet|chapter|,preach|carpet|chapter|
615,divorce,video|diver|drive|drove|decor|voice|cover|divorce|,video|diver|drive|cider|cried|dover|drove|roved|decor|cored|credo|voice|cover|voiced|divorce|
616,fifteen,feint|fifteen|,feint|fifteen|
617,satisfy,fast|stay|sift|fist|fiat|satisfy|,asst|fast|fats|stay|says|sits|sift|fist|fits|fiat|fiats|fasts|stays|sifts|fists|satisfy|
618,briefly,brief|fiber|beryl|rifle|fiery|belfry|briefly|,brief|fiber|beryl|rifle|flier|lifer|fiery|belfry|briefly|
619,consume,scone|ounce|mouse|consume|,cones|scone|ounce|comes|omens|mouse|menus|ounces|consume|
620,fighter,fright|fighter|freight|,fright|fighter|freight|
621,educate,deuce|cadet|acute|educate|,deuce|cadet|acted|acute|ducat|educate|
622,qualify,quail|qualify|,quail|qualify|
623,privacy,piracy|privacy|,piracy|privacy|
624,contest,scone|octet|scent|onset|stone|contest|,cones|scone|octet|cents|scent|onset|notes|tones|stone|steno|totes|tents|octets|contest|
625,organic,organ|groan|cargo|groin|acorn|grain|cigar|cairn|organic|,organ|groan|argon|cargo|groin|corgi|acorn|conga|grain|cigar|cairn|coring|racing|arcing|caring|organic|
626,explode,expel|elope|explode|,expel|loped|elope|eloped|explode|
627,handful,hand|half|haul|land|flan|dual|laud|fund|handful|,hand|half|haul|land|faun|flan|ulna|dual|laud|fund|handful|
628,horizon,horn|iron|honor|horizon|,horn|iron|rhino|honor|horizon|
629,curious,sour|curio|scour|curious|,curs|ours|sour|curio|scour|curios|curious|
630,battery,batter|betray|treaty|battery|,batter|betray|treaty|battery|
631,correct,corer|rector|correct|,corer|recto|retro|rector|correct|
632,carrier,carer|racer|rarer|racier|carrier|,carer|racer|crier|airer|rarer|racier|carrier|
633,miracle,malice|miracle|reclaim|,mailer|malice|calmer|lacier|miracle|reclaim|
634,grocery,grocer|grocery|,grocer|grocery|
635,exhibit,exit|bite|exhibit|,ibex|exit|bite|exhibit|
636,recruit,recur|cruet|truce|trice|recruit|,recur|crier|cruet|cuter|truce|trice|truer|trier|curter|recruit|
637,formula,formal|armful|formula|,formal|armful|formula|
638,inquiry,ruin|inquiry|,ruin|inquiry|
639,concern,cone|once|corn|core|none|neon|crone|concern|,cone|once|corn|core|none|neon|crone|concern|
640,ethical,chalet|ethical|,chalet|ethical|
641,forgive,forge|grief|fiver|grove|giver|forgive|,forge|gofer|grief|fiver|vigor|grove|giver|forgive|
642,shower,whose|shore|horse|shrew|swore|worse|whore|shower|,whose|shore|horse|shrew|swore|worse|whore|shower|whores|
643,depict,tepid|edict|depict|,tepid|edict|cited|depict|
644,weekly,week|keel|leek|weekly|,week|keel|leek|weekly|
645,basket,baste|beast|skate|stake|steak|basket|,bakes|beaks|baste|bates|beast|beats|abets|skate|stake|steak|takes|basket|
646,powder,power|powder|,power|pored|roped|rowed|powder|
647,rhythm,myth|rhythm|,myth|rhythm|
648,lovely,love|vole|levy|yell|lovely|volley|,love|vole|levy|yell|lovely|volley|
649,script,scrip|crisp|strip|script|,scrip|crisp|strip|trips|script|
650,invent,vine|vein|nine|vent|invent|,vine|vein|nine|tine|vent|invent|
651,ritual,trial|trail|ultra|ritual|,trial|trail|ultra|ritual|
652,insect,since|stein|scent|insect|incest|nicest|,since|inset|stein|tines|cites|scent|cents|insect|incest|nicest|
653,salmon,salon|mason|salmon|,salon|loans|mason|moans|salmon|
654,deadly,delay|deadly|,delay|deadly|
655,render,rend|nerd|reed|deer|need|render|,rend|nerd|reed|deer|need|render|
656,motive,vomit|movie|motive|,vomit|movie|motive|
657,random,adorn|manor|nomad|random|,radon|adorn|manor|nomad|random|
658,domain,nomad|domain|,nomad|domain|
659,endure,under|endure|,nuder|under|endure|
660,colony,colon|loony|colony|,colon|loony|colony|
661,govern,grove|goner|govern|,grove|goner|govern|
662,praise,parse|spare|spear|prise|spire|raise|arise|praise|aspire|,pairs|parse|pares|pears|rapes|reaps|spare|spear|prise|pries|piers|spire|sepia|raise|arise|praise|aspire|
663,nearby,yearn|nearby|,yearn|nearby|
664,matter,tater|treat|matter|,mater|tamer|tater|treat|matter|
665,frozen,froze|frozen|,froze|frozen|
666,resume,serum|reuse|resume|,serum|reuse|meres|resume|
667,bounce,ounce|bounce|,ounce|bounce|
668,rescue,curse|scree|reuse|rescue|recuse|secure|,cures|curse|scree|reuse|rescue|recuse|secure|
669,oxygen,gone|oxygen|,onyx|oxen|gone|oxygen|
670,statue,state|taste|statue|astute|,state|taste|teats|statue|astute|
671,repair,raper|repair|rapier|,raper|riper|airer|repair|rapier|
672,candle,dance|clean|lance|decal|laden|candle|,caned|dance|clean|lance|decal|laced|laden|candle|lanced|
673,racism,scram|scrim|racism|,crams|scram|scrim|racism|
674,casual,casual|causal|,casual|causal|
675,switch,whist|witch|switch|,whist|chits|witch|switch|
676,pillow,pill|poll|will|pillow|,pill|poll|plow|will|pillow|
677,lately,tally|alley|telly|lately|,tally|alley|telly|lately|
678,verbal,brave|velar|blare|verbal|,brave|velar|blare|abler|verbal|
679,genius,singe|genus|guise|genius|,singe|genus|guise|genius|
680,credit,trice|edict|tired|credit|direct|,cried|cider|trice|cited|edict|tried|tired|credit|direct|
681,please,lapse|sleep|lease|easel|please|elapse|asleep|,pleas|peals|pales|leaps|lapse|sepal|peels|sleep|lease|easel|please|elapse|asleep|
682,rocket,recto|rocket|,recto|rocket|
683,inmate,meant|inmate|,meant|inmate|
684,tackle,cleat|tackle|,cleat|tackle|
685,carpet,caper|recap|caret|cater|crate|react|trace|crept|taper|carpet|,caper|recap|caret|carte|cater|crate|react|trace|crept|pater|prate|taper|carpet|
686,bloody,bold|body|blood|bloody|,bold|body|blood|bloody|
687,escape,space|cease|peace|escape|,scape|space|capes|paces|cease|peace|escape|
688,shrimp,prism|shrimp|,prism|shrimp|
689,exotic,toxic|exotic|,toxic|exotic|
690,regard,grade|regard|,raged|grade|regard|
691,casino,scion|sonic|casino|,coins|scion|sonic|icons|casino|
692,hockey,choke|hokey|hockey|,choke|hokey|hockey|
693,liquid,quid|liquid|,quid|liquid|
694,banker,baker|brake|break|banker|,baker|brake|break|banker|
695,reward,reward|redraw|warder|drawer|,wader|reward|redraw|warder|drawer|
696,weaken,waken|weaken|,waken|weaken|
697,mentor,metro|tenor|mentor|,metro|tenor|toner|mentor|
698,cruise,curse|cruise|,curse|cures|cries|cruise|
699,thread,heart|hater|earth|death|tread|trade|heard|thread|hatred|dearth|,heart|hater|earth|hated|death|tread|trade|rated|heard|hared|thread|hatred|dearth|
700,rental,renal|learn|alert|alter|later|rental|antler|,renal|learn|alert|alter|later|rental|antler|
701,regain,range|anger|reign|grain|regain|,range|anger|reign|grain|regain|
702,permit,prime|tripe|remit|merit|timer|permit|,prime|petri|tripe|remit|merit|timer|permit|
703,preach,recap|caper|perch|parch|peach|cheap|reach|preach|,recap|caper|perch|parch|peach|cheap|reach|preach|
704,marble,amber|bream|realm|amble|blame|blare|marble|ramble|,amber|bream|realm|lamer|amble|blame|abler|blare|marble|ramble|
705,screen,scree|scene|sneer|screen|,scree|scene|sneer|screen|
706,soften,stone|onset|often|soften|,fonts|stone|steno|onset|tones|notes|often|soften|
707,hazard,hard|hazard|,hard|hazard|
708,boring,bingo|bring|groin|boring|,robin|bingo|bring|groin|boring|robing|
709,bronze,borne|bronze|,borne|boner|bronze|
710,prevail,pearl|peril|viler|liver|rival|viral|alive|prevail|,viper|pearl|paler|peril|velar|viler|liver|rival|viral|alive|prevail|
711,manual,manual|alumna|,manual|alumna|
712,pistol,posit|split|spoil|pilot|pistol|,posit|split|spoil|pilot|plots|toils|pistol|pilots|
713,infant,faint|infant|,faint|infant|
714,future,turf|fret|true|future|,turf|fret|true|future|
715,europe,pure|rope|pore|peer|pour|europe|,pure|rope|pore|peer|pour|rupee|puree|europe
716,rather,rate|tear|hear|rare|rear|hate|heat|hater|heart|earth|rather|,hart|rate|tare|tear|hare|hear|rare|rear|hate|heat|hater|heart|earth|rater|rather|
717,middle,mild|dime|mile|lime|meld|idle|middle|,mild|dime|mile|lime|meld|died|idle|deli|lied|limed|idled|middle|
718,client,lice|nice|cite|cent|line|lite|tile|lint|lent|tine|inlet|client|,lice|incl|cine|nice|cite|cent|lien|line|lite|tile|lint|lent|tine|inlet|client|
719,spring,spin|snip|sing|sign|prig|grip|ping|ring|grin|sprig|spring|,rips|spin|snip|pins|nips|pigs|rigs|sing|sign|gins|prig|grip|ping|ring|grin|sprig|prigs|grips|pings|rings|grins|spring|
720,simply,slim|slip|lisp|limp|slimy|imply|simply|,imps|slim|mils|slip|lisp|lips|yips|limp|limps|slimy|imply|simply|
